name,group,strength,board_scores,research,honors,weight:reputation,weight:program_size,weight:location
Avery (sample),us_md,0.887,0.613,0.380,0.284,0.334,0.198,0.468
Blake (sample),us_do,-1.458,-0.584,-1.484,-0.935,0.253,0.440,0.307
Casey (sample),non_us_img,-0.094,0.600,1.156,2.196,0.354,0.068,0.578
Devon (sample),us_img,-1.118,0.961,0.356,-1.818,0.592,0.231,0.178
Emerson (sample),non_us_img,0.883,2.662,0.829,1.892,0.686,0.212,0.101
Finley (sample),other,-1.754,-0.574,-0.117,-1.724,0.498,0.014,0.488
Harper (sample),us_md,1.022,1.288,-0.305,0.798,0.417,0.147,0.436
Jordan (sample),us_md,-0.262,0.219,-0.280,0.464,0.468,0.174,0.357
Kendall (sample),us_md,0.457,0.863,0.689,0.232,0.415,0.193,0.392
Logan (sample),us_md,-1.678,0.169,-0.968,-0.029,0.705,0.113,0.182
Morgan (sample),us_do,-2.812,-0.933,-1.776,-0.587,0.257,0.330,0.413
Quinn (sample),non_us_img,-2.125,-1.584,-0.492,-1.185,0.419,0.394,0.187
